"1","3","21763","Capa Mursinin Prasetya S.T.","male","profile-images/profile.png","2022-06-06T05:42:49.000000Z","2022-06-06T05:42:49.000000Z"
"2","6","21886","Dina Mulyani","female","profile-images/profile.png","2022-06-06T05:42:49.000000Z","2022-06-06T05:42:49.000000Z"
"3","3","21089","Warsita Wacana S.Farm","female","profile-images/profile.png","2022-06-06T05:42:49.000000Z","2022-06-06T05:42:49.000000Z"
"4","4","21809","Jumari Waskita","male","profile-images/7WrZdzrITcxW88K7Y9jq9xQGtbtJ189odcLAJ3yL.png","2022-06-06T05:42:49.000000Z","2022-06-06T06:02:19.000000Z"
"5","5","21959","Hardana Kuncara Megantara S.Farm","female","profile-images/profile.png","2022-06-06T05:42:49.000000Z","2022-06-06T05:42:49.000000Z"
"6","2","21904","Ilyas Najmudin","female","profile-images/profile.png","2022-06-06T05:42:49.000000Z","2022-06-06T05:42:49.000000Z"
"7","5","21534","Ami Nabila Nasyiah","female","profile-images/profile.png","2022-06-06T05:42:49.000000Z","2022-06-06T05:42:49.000000Z"
"8","1","21284","Jarwi Gangsar Budiman S.T.","male","profile-images/profile.png","2022-06-06T05:42:49.000000Z","2022-06-06T05:42:49.000000Z"
"9","2","21700","Koko Dabukke","female","profile-images/profile.png","2022-06-06T05:42:49.000000Z","2022-06-06T05:42:49.000000Z"
"10","3","21515","Novi Azalea Usada","female","profile-images/profile.png","2022-06-06T05:42:49.000000Z","2022-06-06T05:42:49.000000Z"
"11","6","21642","Elisa Karen Wastuti M.Pd","male","profile-images/profile.png","2022-06-06T05:42:49.000000Z","2022-06-06T05:42:49.000000Z"
"12","2","21560","Gasti Wahyuni","male","profile-images/profile.png","2022-06-06T05:42:49.000000Z","2022-06-06T05:42:49.000000Z"
"13","4","21079","Ophelia Hartati","female","profile-images/profile.png","2022-06-06T05:42:49.000000Z","2022-06-06T05:42:49.000000Z"
"14","3","21272","Nugraha Rajata","female","profile-images/profile.png","2022-06-06T05:42:49.000000Z","2022-06-06T05:42:49.000000Z"
"15","4","21319","Gantar Waskita","male","profile-images/profile.png","2022-06-06T05:42:49.000000Z","2022-06-06T05:42:49.000000Z"
"16","3","21539","Winda Malika Farida","male","profile-images/profile.png","2022-06-06T05:42:49.000000Z","2022-06-06T05:42:49.000000Z"
"17","5","21714","Pranawa Sitorus","female","profile-images/profile.png","2022-06-06T05:42:49.000000Z","2022-06-06T05:42:49.000000Z"
"18","2","21282","Umar Hidayat M.TI.","female","profile-images/profile.png","2022-06-06T05:42:49.000000Z","2022-06-06T05:42:49.000000Z"
"19","3","21487","Vicky Safitri","male","profile-images/profile.png","2022-06-06T05:42:49.000000Z","2022-06-06T05:42:49.000000Z"
"20","2","21114","Jessica Namaga","female","profile-images/profile.png","2022-06-06T05:42:49.000000Z","2022-06-06T05:42:49.000000Z"
"21","1","21853","Ellis Palastri","female","profile-images/profile.png","2022-06-06T05:42:49.000000Z","2022-06-06T05:42:49.000000Z"
"22","2","21037","Aditya Simbolon","female","profile-images/profile.png","2022-06-06T05:42:49.000000Z","2022-06-06T05:42:49.000000Z"
"23","1","21832","Purwa Sitompul M.Ak","male","profile-images/profile.png","2022-06-06T05:42:49.000000Z","2022-06-06T05:42:49.000000Z"
"24","1","21600","Arsipatra Candrakanta Mahendra","male","profile-images/profile.png","2022-06-06T05:42:49.000000Z","2022-06-06T05:42:49.000000Z"
"25","6","21670","Ami Febi Mayasari S.Psi","male","profile-images/profile.png","2022-06-06T05:42:49.000000Z","2022-06-06T05:42:49.000000Z"
"26","6","21625","Gaiman Opung Firgantoro S.Pd","male","profile-images/profile.png","2022-06-06T05:42:49.000000Z","2022-06-06T05:42:49.000000Z"
"27","3","21055","Rusman Sihotang","male","profile-images/profile.png","2022-06-06T05:42:49.000000Z","2022-06-06T05:42:49.000000Z"
"28","1","21392","Cakrabuana Gunawan","female","profile-images/profile.png","2022-06-06T05:42:49.000000Z","2022-06-06T05:42:49.000000Z"
"29","5","21576","Chelsea Rini Yulianti","female","profile-images/profile.png","2022-06-06T05:42:49.000000Z","2022-06-06T05:42:49.000000Z"
"30","3","21631","Zalindra Astuti","female","profile-images/profile.png","2022-06-06T05:42:49.000000Z","2022-06-06T05:42:49.000000Z"
"31","4","21336","Laksana Lukita Wijaya S.Farm","female","profile-images/profile.png","2022-06-06T05:42:49.000000Z","2022-06-06T05:42:49.000000Z"
"32","6","21800","Edison Ganep Prakasa M.TI.","male","profile-images/profile.png","2022-06-06T05:42:49.000000Z","2022-06-06T05:42:49.000000Z"
"33","3","21071","Intan Fujiati","male","profile-images/profile.png","2022-06-06T05:42:49.000000Z","2022-06-06T05:42:49.000000Z"
"34","4","21370","Soleh Samosir","female","profile-images/profile.png","2022-06-06T05:42:49.000000Z","2022-06-06T05:42:49.000000Z"
"35","4","21109","Atma Suwarno","female","profile-images/profile.png","2022-06-06T05:42:49.000000Z","2022-06-06T05:42:49.000000Z"
"36","1","21641","Kairav Mustofa","male","profile-images/profile.png","2022-06-06T05:42:49.000000Z","2022-06-06T05:42:49.000000Z"
"37","4","21946","Amalia Mayasari","male","profile-images/profile.png","2022-06-06T05:42:49.000000Z","2022-06-06T05:42:49.000000Z"
"38","6","21605","Purwa Nababan","female","profile-images/profile.png","2022-06-06T05:42:49.000000Z","2022-06-06T05:42:49.000000Z"
"39","5","21158","Safina Sudiati","female","profile-images/profile.png","2022-06-06T05:42:49.000000Z","2022-06-06T05:42:49.000000Z"
"40","4","21662","Yoga Januar","male","profile-images/profile.png","2022-06-06T05:42:49.000000Z","2022-06-06T05:42:49.000000Z"
"41","3","21740","Betania Nabila Hassanah S.Sos","female","profile-images/profile.png","2022-06-06T05:42:49.000000Z","2022-06-06T05:42:49.000000Z"
"42","5","21808","Almira Susanti S.Gz","male","profile-images/profile.png","2022-06-06T05:42:49.000000Z","2022-06-06T05:42:49.000000Z"
"43","1","21099","Rini Carla Permata M.Farm","male","profile-images/profile.png","2022-06-06T05:42:49.000000Z","2022-06-06T05:42:49.000000Z"
"44","5","21681","Bakiman Tampubolon","male","profile-images/profile.png","2022-06-06T05:42:49.000000Z","2022-06-06T05:42:49.000000Z"
"45","5","21042","Bahuraksa Januar","female","profile-images/profile.png","2022-06-06T05:42:49.000000Z","2022-06-06T05:42:49.000000Z"
"46","5","21308","Rahmi Prastuti","female","profile-images/profile.png","2022-06-06T05:42:49.000000Z","2022-06-06T05:42:49.000000Z"
"47","6","21412","Siti Putri Hastuti","male","profile-images/profile.png","2022-06-06T05:42:49.000000Z","2022-06-06T05:42:49.000000Z"
"48","6","21640","Radit Olga Nababan","female","profile-images/profile.png","2022-06-06T05:42:49.000000Z","2022-06-06T05:42:49.000000Z"
"49","5","21387","Koko Salman Maryadi","male","profile-images/profile.png","2022-06-06T05:42:49.000000Z","2022-06-06T05:42:49.000000Z"
"50","3","21944","Sabar Maryadi S.Pd","male","profile-images/profile.png","2022-06-06T05:42:49.000000Z","2022-06-06T05:42:49.000000Z"
"51","4","21933","Nyana Mustofa","male","profile-images/profile.png","2022-06-06T05:42:49.000000Z","2022-06-06T05:42:49.000000Z"
"52","1","21229","Bahuraksa Ian Saragih","female","profile-images/profile.png","2022-06-06T05:42:49.000000Z","2022-06-06T05:42:49.000000Z"
"53","4","21144","Kasim Jagaraga Wibowo","male","profile-images/profile.png","2022-06-06T05:42:49.000000Z","2022-06-06T05:42:49.000000Z"
"54","6","21498","Puti Yulia Novitasari","male","profile-images/profile.png","2022-06-06T05:42:49.000000Z","2022-06-06T05:42:49.000000Z"
"55","1","21028","Alambana Martani Halim","female","profile-images/profile.png","2022-06-06T05:42:49.000000Z","2022-06-06T05:42:49.000000Z"
"56","2","21247","Violet Haryanti","male","profile-images/profile.png","2022-06-06T05:42:49.000000Z","2022-06-06T05:42:49.000000Z"
"57","4","21206","Ibun Artanto Tarihoran","male","profile-images/profile.png","2022-06-06T05:42:49.000000Z","2022-06-06T05:42:49.000000Z"
"58","4","21209","Amelia Melani","female","profile-images/profile.png","2022-06-06T05:42:49.000000Z","2022-06-06T05:42:49.000000Z"
"59","1","21769","Lukman Daruna Tamba M.M.","male","profile-images/profile.png","2022-06-06T05:42:49.000000Z","2022-06-06T05:42:49.000000Z"
"60","4","21908","Balidin Wawan Natsir","female","profile-images/profile.png","2022-06-06T05:42:49.000000Z","2022-06-06T05:42:49.000000Z"
