"1","3","21222","Raina Kiandra Testono S.Pt","male","profile-images/profile.png","2022-06-06T06:20:36.000000Z","2022-06-06T07:17:59.000000Z"
"2","5","21916","Hamima Yuliarti","female","profile-images/profile.png","2022-06-06T06:20:36.000000Z","2022-06-06T06:20:36.000000Z"
"3","2","21486","Nasab Pradana","female","profile-images/profile.png","2022-06-06T06:20:36.000000Z","2022-06-06T06:20:36.000000Z"
"4","1","21340","Laswi Iswahyudi M.Ak","female","profile-images/profile.png","2022-06-06T06:20:36.000000Z","2022-06-06T06:20:36.000000Z"
"5","6","21938","Yunita Zaenab Puspasari","female","profile-images/profile.png","2022-06-06T06:20:36.000000Z","2022-06-06T06:20:36.000000Z"
"6","5","21185","Paris Rahayu M.Farm","male","profile-images/profile.png","2022-06-06T06:20:36.000000Z","2022-06-06T06:20:36.000000Z"
"7","5","21738","Lanjar Permadi","female","profile-images/profile.png","2022-06-06T06:20:36.000000Z","2022-06-06T06:20:36.000000Z"
"8","4","21202","Luthfi Permadi","male","profile-images/profile.png","2022-06-06T06:20:36.000000Z","2022-06-06T06:20:36.000000Z"
"9","4","21728","Janet Lailasari","female","profile-images/profile.png","2022-06-06T06:20:36.000000Z","2022-06-06T06:20:36.000000Z"
"10","1","21650","Amalia Tina Fujiati S.Pd","male","profile-images/profile.png","2022-06-06T06:20:36.000000Z","2022-06-06T06:20:36.000000Z"
"11","3","21543","Padmi Vivi Namaga","male","profile-images/profile.png","2022-06-06T06:20:36.000000Z","2022-06-06T06:20:36.000000Z"
"12","4","21798","Balamantri Sihombing","male","profile-images/profile.png","2022-06-06T06:20:36.000000Z","2022-06-06T06:20:36.000000Z"
"13","1","21228","Kamaria Wijayanti","female","profile-images/profile.png","2022-06-06T06:20:36.000000Z","2022-06-06T06:20:36.000000Z"
"14","5","21375","Wani Jasmin Mulyani S.H.","female","profile-images/profile.png","2022-06-06T06:20:36.000000Z","2022-06-06T06:20:36.000000Z"
"15","1","21673","Raharja Utama","male","profile-images/profile.png","2022-06-06T06:20:36.000000Z","2022-06-06T06:20:36.000000Z"
"16","5","21671","Nyoman Wacana S.Farm","male","profile-images/profile.png","2022-06-06T06:20:36.000000Z","2022-06-06T06:20:36.000000Z"
"17","2","21471","Prasetya Salahudin S.Kom","female","profile-images/profile.png","2022-06-06T06:20:36.000000Z","2022-06-06T06:20:36.000000Z"
"18","5","21491","Wardi Waskita","female","profile-images/profile.png","2022-06-06T06:20:36.000000Z","2022-06-06T06:20:36.000000Z"
"19","4","21334","Samiah Maria Puspita","female","profile-images/profile.png","2022-06-06T06:20:36.000000Z","2022-06-06T06:20:36.000000Z"
"20","5","21921","Bagus Gading Thamrin","male","profile-images/profile.png","2022-06-06T06:20:36.000000Z","2022-06-06T06:20:36.000000Z"
"21","1","21413","Abyasa Waskita S.Kom","male","profile-images/profile.png","2022-06-06T06:20:36.000000Z","2022-06-06T06:20:36.000000Z"
"22","4","21879","Devi Karen Anggraini","male","profile-images/profile.png","2022-06-06T06:20:36.000000Z","2022-06-06T06:20:36.000000Z"
"23","4","21044","Irma Zahra Riyanti","male","profile-images/profile.png","2022-06-06T06:20:36.000000Z","2022-06-06T06:20:36.000000Z"
"24","4","21520","Laras Uyainah S.Psi","male","profile-images/profile.png","2022-06-06T06:20:36.000000Z","2022-06-06T06:20:36.000000Z"
"25","2","21510","Elvina Agustina S.Farm","female","profile-images/profile.png","2022-06-06T06:20:36.000000Z","2022-06-06T06:20:36.000000Z"
"26","6","21134","Paramita Gilda Hassanah M.Kom.","female","profile-images/profile.png","2022-06-06T06:20:36.000000Z","2022-06-06T06:20:36.000000Z"
"27","1","21381","Oman Waluyo M.M.","male","profile-images/profile.png","2022-06-06T06:20:36.000000Z","2022-06-06T06:20:36.000000Z"
"28","6","21905","Gading Budiman","female","profile-images/profile.png","2022-06-06T06:20:36.000000Z","2022-06-06T06:20:36.000000Z"
"29","3","21603","Patricia Laksita","female","profile-images/profile.png","2022-06-06T06:20:36.000000Z","2022-06-06T06:20:36.000000Z"
"30","6","21915","Jabal Prasasta","female","profile-images/profile.png","2022-06-06T06:20:36.000000Z","2022-06-06T06:20:36.000000Z"
"31","6","21316","Bagya Jono Megantara S.Farm","female","profile-images/profile.png","2022-06-06T06:20:36.000000Z","2022-06-06T06:20:36.000000Z"
"32","3","21174","Hesti Nuraini","male","profile-images/profile.png","2022-06-06T06:20:36.000000Z","2022-06-06T06:20:36.000000Z"
"33","5","21301","Jaeman Nashiruddin S.IP","male","profile-images/profile.png","2022-06-06T06:20:36.000000Z","2022-06-06T06:20:36.000000Z"
"34","4","21787","Endah Ciaobella Handayani","male","profile-images/profile.png","2022-06-06T06:20:36.000000Z","2022-06-06T06:20:36.000000Z"
"35","2","21943","Jumari Prasetya M.TI.","male","profile-images/profile.png","2022-06-06T06:20:36.000000Z","2022-06-06T06:20:36.000000Z"
"36","4","21452","Zamira Putri Rahimah","male","profile-images/profile.png","2022-06-06T06:20:36.000000Z","2022-06-06T06:20:36.000000Z"
"37","4","21497","Kalim Wacana","male","profile-images/profile.png","2022-06-06T06:20:36.000000Z","2022-06-06T06:20:36.000000Z"
"38","6","21377","Surya Lazuardi","female","profile-images/profile.png","2022-06-06T06:20:36.000000Z","2022-06-06T06:20:36.000000Z"
"39","2","21832","Ifa Winarsih","female","profile-images/profile.png","2022-06-06T06:20:36.000000Z","2022-06-06T06:20:36.000000Z"
"40","6","21642","Mila Almira Yuniar","male","profile-images/profile.png","2022-06-06T06:20:36.000000Z","2022-06-06T06:20:36.000000Z"
"41","6","21819","Amelia Hariyah","female","profile-images/profile.png","2022-06-06T06:20:36.000000Z","2022-06-06T06:20:36.000000Z"
"42","3","21244","Danu Mustofa","male","profile-images/profile.png","2022-06-06T06:20:36.000000Z","2022-06-06T06:20:36.000000Z"
"43","3","21638","Jasmani Yusuf Waskita S.Kom","female","profile-images/profile.png","2022-06-06T06:20:36.000000Z","2022-06-06T06:20:36.000000Z"
"44","1","21588","Rika Nasyidah","female","profile-images/profile.png","2022-06-06T06:20:36.000000Z","2022-06-06T06:20:36.000000Z"
"45","2","21723","Lintang Susanti M.Pd","male","profile-images/profile.png","2022-06-06T06:20:36.000000Z","2022-06-06T06:20:36.000000Z"
"46","5","21366","Diana Pertiwi","male","profile-images/profile.png","2022-06-06T06:20:36.000000Z","2022-06-06T06:20:36.000000Z"
"47","3","21112","Praba Nababan","female","profile-images/profile.png","2022-06-06T06:20:36.000000Z","2022-06-06T06:20:36.000000Z"
"48","5","21122","Dian Elisa Handayani","male","profile-images/profile.png","2022-06-06T06:20:36.000000Z","2022-06-06T06:20:36.000000Z"
"49","3","21511","Nadia Paris Laksita S.H.","male","profile-images/profile.png","2022-06-06T06:20:36.000000Z","2022-06-06T06:20:36.000000Z"
"50","3","21808","Ibrani Prabowo","male","profile-images/profile.png","2022-06-06T06:20:36.000000Z","2022-06-06T06:20:36.000000Z"
"51","5","21042","Rosman Widodo","male","profile-images/profile.png","2022-06-06T06:20:36.000000Z","2022-06-06T06:20:36.000000Z"
"52","6","21790","Maria Ina Mardhiyah","female","profile-images/profile.png","2022-06-06T06:20:36.000000Z","2022-06-06T06:20:36.000000Z"
"53","2","21982","Jasmin Nuraini","female","profile-images/profile.png","2022-06-06T06:20:36.000000Z","2022-06-06T06:20:36.000000Z"
"54","4","21146","Febi Nadia Pertiwi","female","profile-images/profile.png","2022-06-06T06:20:36.000000Z","2022-06-06T06:20:36.000000Z"
"55","5","21304","Cinthia Lintang Widiastuti","male","profile-images/profile.png","2022-06-06T06:20:36.000000Z","2022-06-06T06:20:36.000000Z"
"56","2","21014","Kani Samiah Pudjiastuti","male","profile-images/profile.png","2022-06-06T06:20:36.000000Z","2022-06-06T06:20:36.000000Z"
"57","5","21197","Adikara Haryanto M.Farm","female","profile-images/profile.png","2022-06-06T06:20:36.000000Z","2022-06-06T06:20:36.000000Z"
"58","1","21347","Rachel Zelaya Fujiati M.M.","female","profile-images/profile.png","2022-06-06T06:20:36.000000Z","2022-06-06T06:20:36.000000Z"
"59","4","21033","Olivia Safitri","male","profile-images/profile.png","2022-06-06T06:20:36.000000Z","2022-06-06T06:20:36.000000Z"
"60","6","21036","Atma Kuswoyo","female","profile-images/profile.png","2022-06-06T06:20:36.000000Z","2022-06-06T06:20:36.000000Z"
"72","3","21763","Capa Mursinin Prasetya S.T.","male","profile-images/profile.png","2022-06-06T06:30:22.000000Z","2022-06-06T06:30:22.000000Z"
